latitude,longitude
27.587327149806235,78.06412201794099
27.587664680680994,78.06318149683676
27.588002211555754,78.062240975054
27.588339742430513,78.06130045462831
27.588677273305272,78.06035993352408
27.58901480418003,78.05941941241986
27.58935233505479,78.05847889131563
27.58968986592955,78.0575383702114
27.59002739680431,78.05659784910718
27.59036492767907,78.05565732800295
27.590593414879372,78.05467591062757
27.591482046851034,78.05451992307592
27.592330021286514,78.0548578963915
27.593177995721994,78.05519586970708
27.594025970157475,78.05553384302266
27.594873944592955,78.05587181633824
27.595721919028435,78.05620978965382
27.596402499709146,78.05687312204206
27.597083080389858,78.0575364544303
27.59771792937415,78.05825521498734
27.59835277835844,78.05897397554438
27.59925193003453,78.05895424896264
27.60015108171062,78.05893452207592
27.60105023338671,78.05891479579915
